instance,family,n,wmin,wmax,seed,capacity,instance_index,alpha
sc_a-5n10000wmin10000-0-c6597874.ukp,chung,10000,10000,,,6597874,0,-5
sc_a-5n10000wmin10000-1-c5766266.ukp,chung,10000,10000,,,5766266,1,-5
sc_a-5n10000wmin10000-10-c9549211.ukp,chung,10000,10000,,,9549211,10,-5
sc_a-5n10000wmin10000-11-c9371285.ukp,chung,10000,10000,,,9371285,11,-5
sc_a-5n10000wmin10000-12-c4476851.ukp,chung,10000,10000,,,4476851,12,-5
sc_a-5n10000wmin10000-13-c2131079.ukp,chung,10000,10000,,,2131079,13,-5
sc_a-5n10000wmin10000-14-c8631040.ukp,chung,10000,10000,,,8631040,14,-5
sc_a-5n10000wmin10000-15-c6481667.ukp,chung,10000,10000,,,6481667,15,-5
sc_a-5n10000wmin10000-16-c7075896.ukp,chung,10000,10000,,,7075896,16,-5
sc_a-5n10000wmin10000-17-c3113635.ukp,chung,10000,10000,,,3113635,17,-5
sc_a-5n10000wmin10000-18-c7595045.ukp,chung,10000,10000,,,7595045,18,-5
sc_a-5n10000wmin10000-19-c7418686.ukp,chung,10000,10000,,,7418686,19,-5
sc_a-5n10000wmin10000-2-c6653274.ukp,chung,10000,10000,,,6653274,2,-5
sc_a-5n10000wmin10000-3-c9925829.ukp,chung,10000,10000,,,9925829,3,-5
sc_a-5n10000wmin10000-4-c4794802.ukp,chung,10000,10000,,,4794802,4,-5
sc_a-5n10000wmin10000-5-c2804983.ukp,chung,10000,10000,,,2804983,5,-5
sc_a-5n10000wmin10000-6-c6910087.ukp,chung,10000,10000,,,6910087,6,-5
sc_a-5n10000wmin10000-7-c9986840.ukp,chung,10000,10000,,,9986840,7,-5
sc_a-5n10000wmin10000-8-c7333555.ukp,chung,10000,10000,,,7333555,8,-5
sc_a-5n10000wmin10000-9-c8296605.ukp,chung,10000,10000,,,8296605,9,-5
sc_a-5n10000wmin110000-0-c3949309.ukp,chung,10000,110000,,,3949309,0,-5
sc_a-5n10000wmin110000-1-c4997908.ukp,chung,10000,110000,,,4997908,1,-5
sc_a-5n10000wmin110000-10-c3224830.ukp,chung,10000,110000,,,3224830,10,-5
sc_a-5n10000wmin110000-11-c4365927.ukp,chung,10000,110000,,,4365927,11,-5
sc_a-5n10000wmin110000-12-c5494909.ukp,chung,10000,110000,,,5494909,12,-5
sc_a-5n10000wmin110000-13-c8463156.ukp,chung,10000,110000,,,8463156,13,-5
sc_a-5n10000wmin110000-14-c6215034.ukp,chung,10000,110000,,,6215034,14,-5
sc_a-5n10000wmin110000-15-c6113396.ukp,chung,10000,110000,,,6113396,15,-5
sc_a-5n10000wmin110000-16-c6388587.ukp,chung,10000,110000,,,6388587,16,-5
sc_a-5n10000wmin110000-17-c9492344.ukp,chung,10000,110000,,,9492344,17,-5
sc_a-5n10000wmin110000-18-c7410315.ukp,chung,10000,110000,,,7410315,18,-5
sc_a-5n10000wmin110000-19-c4187759.ukp,chung,10000,110000,,,4187759,19,-5
sc_a-5n10000wmin110000-2-c6684804.ukp,chung,10000,110000,,,6684804,2,-5
sc_a-5n10000wmin110000-3-c6793685.ukp,chung,10000,110000,,,6793685,3,-5
sc_a-5n10000wmin110000-4-c2294764.ukp,chung,10000,110000,,,2294764,4,-5
sc_a-5n10000wmin110000-5-c3507099.ukp,chung,10000,110000,,,3507099,5,-5
sc_a-5n10000wmin110000-6-c9426227.ukp,chung,10000,110000,,,9426227,6,-5
sc_a-5n10000wmin110000-7-c3733781.ukp,chung,10000,110000,,,3733781,7,-5
sc_a-5n10000wmin110000-8-c7888688.ukp,chung,10000,110000,,,7888688,8,-5
sc_a-5n10000wmin110000-9-c9008057.ukp,chung,10000,110000,,,9008057,9,-5
sc_a-5n10000wmin50000-0-c9996682.ukp,chung,10000,50000,,,9996682,0,-5
sc_a-5n10000wmin50000-1-c6479362.ukp,chung,10000,50000,,,6479362,1,-5
sc_a-5n10000wmin50000-10-c9840568.ukp,chung,10000,50000,,,9840568,10,-5
sc_a-5n10000wmin50000-11-c8441994.ukp,chung,10000,50000,,,8441994,11,-5
sc_a-5n10000wmin50000-12-c7469477.ukp,chung,10000,50000,,,7469477,12,-5
sc_a-5n10000wmin50000-13-c8304533.ukp,chung,10000,50000,,,8304533,13,-5
sc_a-5n10000wmin50000-14-c9212648.ukp,chung,10000,50000,,,9212648,14,-5
sc_a-5n10000wmin50000-15-c9789593.ukp,chung,10000,50000,,,9789593,15,-5
sc_a-5n10000wmin50000-16-c9359281.ukp,chung,10000,50000,,,9359281,16,-5
sc_a-5n10000wmin50000-17-c6880209.ukp,chung,10000,50000,,,6880209,17,-5
sc_a-5n10000wmin50000-18-c4318961.ukp,chung,10000,50000,,,4318961,18,-5
sc_a-5n10000wmin50000-19-c4193065.ukp,chung,10000,50000,,,4193065,19,-5
sc_a-5n10000wmin50000-2-c7442103.ukp,chung,10000,50000,,,7442103,2,-5
sc_a-5n10000wmin50000-3-c2088141.ukp,chung,10000,50000,,,2088141,3,-5
sc_a-5n10000wmin50000-4-c4929152.ukp,chung,10000,50000,,,4929152,4,-5
sc_a-5n10000wmin50000-5-c2181348.ukp,chung,10000,50000,,,2181348,5,-5
sc_a-5n10000wmin50000-6-c7181498.ukp,chung,10000,50000,,,7181498,6,-5
sc_a-5n10000wmin50000-7-c8373550.ukp,chung,10000,50000,,,8373550,7,-5
sc_a-5n10000wmin50000-8-c6499241.ukp,chung,10000,50000,,,6499241,8,-5
sc_a-5n10000wmin50000-9-c9968330.ukp,chung,10000,50000,,,9968330,9,-5
sc_a-5n5000wmin10000-0-c530995.ukp,chung,5000,10000,,,530995,0,-5
sc_a-5n5000wmin10000-1-c604335.ukp,chung,5000,10000,,,604335,1,-5
sc_a-5n5000wmin10000-10-c386465.ukp,chung,5000,10000,,,386465,10,-5
sc_a-5n5000wmin10000-11-c848128.ukp,chung,5000,10000,,,848128,11,-5
sc_a-5n5000wmin10000-12-c898019.ukp,chung,5000,10000,,,898019,12,-5
sc_a-5n5000wmin10000-13-c212325.ukp,chung,5000,10000,,,212325,13,-5
sc_a-5n5000wmin10000-14-c863370.ukp,chung,5000,10000,,,863370,14,-5
sc_a-5n5000wmin10000-15-c526251.ukp,chung,5000,10000,,,526251,15,-5
sc_a-5n5000wmin10000-16-c969942.ukp,chung,5000,10000,,,969942,16,-5
sc_a-5n5000wmin10000-17-c893330.ukp,chung,5000,10000,,,893330,17,-5
sc_a-5n5000wmin10000-18-c416705.ukp,chung,5000,10000,,,416705,18,-5
sc_a-5n5000wmin10000-19-c650293.ukp,chung,5000,10000,,,650293,19,-5
sc_a-5n5000wmin10000-2-c438699.ukp,chung,5000,10000,,,438699,2,-5
sc_a-5n5000wmin10000-3-c257637.ukp,chung,5000,10000,,,257637,3,-5
sc_a-5n5000wmin10000-4-c991316.ukp,chung,5000,10000,,,991316,4,-5
sc_a-5n5000wmin10000-5-c717770.ukp,chung,5000,10000,,,717770,5,-5
sc_a-5n5000wmin10000-6-c402718.ukp,chung,5000,10000,,,402718,6,-5
sc_a-5n5000wmin10000-7-c963032.ukp,chung,5000,10000,,,963032,7,-5
sc_a-5n5000wmin10000-8-c275536.ukp,chung,5000,10000,,,275536,8,-5
sc_a-5n5000wmin10000-9-c205651.ukp,chung,5000,10000,,,205651,9,-5
sc_a-5n5000wmin15000-0-c922756.ukp,chung,5000,15000,,,922756,0,-5
sc_a-5n5000wmin15000-1-c322555.ukp,chung,5000,15000,,,322555,1,-5
sc_a-5n5000wmin15000-10-c745777.ukp,chung,5000,15000,,,745777,10,-5
sc_a-5n5000wmin15000-11-c768341.ukp,chung,5000,15000,,,768341,11,-5
sc_a-5n5000wmin15000-12-c509929.ukp,chung,5000,15000,,,509929,12,-5
sc_a-5n5000wmin15000-13-c997532.ukp,chung,5000,15000,,,997532,13,-5
sc_a-5n5000wmin15000-14-c936739.ukp,chung,5000,15000,,,936739,14,-5
sc_a-5n5000wmin15000-15-c803240.ukp,chung,5000,15000,,,803240,15,-5
sc_a-5n5000wmin15000-16-c348229.ukp,chung,5000,15000,,,348229,16,-5
sc_a-5n5000wmin15000-17-c451999.ukp,chung,5000,15000,,,451999,17,-5
sc_a-5n5000wmin15000-18-c640917.ukp,chung,5000,15000,,,640917,18,-5
sc_a-5n5000wmin15000-19-c691037.ukp,chung,5000,15000,,,691037,19,-5
sc_a-5n5000wmin15000-2-c417140.ukp,chung,5000,15000,,,417140,2,-5
sc_a-5n5000wmin15000-3-c422281.ukp,chung,5000,15000,,,422281,3,-5
sc_a-5n5000wmin15000-4-c754673.ukp,chung,5000,15000,,,754673,4,-5
sc_a-5n5000wmin15000-5-c789511.ukp,chung,5000,15000,,,789511,5,-5
sc_a-5n5000wmin15000-6-c488919.ukp,chung,5000,15000,,,488919,6,-5
sc_a-5n5000wmin15000-7-c995635.ukp,chung,5000,15000,,,995635,7,-5
sc_a-5n5000wmin15000-8-c505856.ukp,chung,5000,15000,,,505856,8,-5
sc_a-5n5000wmin15000-9-c511878.ukp,chung,5000,15000,,,511878,9,-5
sc_a-5n5000wmin50000-0-c949215.ukp,chung,5000,50000,,,949215,0,-5
sc_a-5n5000wmin50000-1-c900576.ukp,chung,5000,50000,,,900576,1,-5
sc_a-5n5000wmin50000-10-c578741.ukp,chung,5000,50000,,,578741,10,-5
sc_a-5n5000wmin50000-11-c603967.ukp,chung,5000,50000,,,603967,11,-5
sc_a-5n5000wmin50000-12-c356906.ukp,chung,5000,50000,,,356906,12,-5
sc_a-5n5000wmin50000-13-c733223.ukp,chung,5000,50000,,,733223,13,-5
sc_a-5n5000wmin50000-14-c850585.ukp,chung,5000,50000,,,850585,14,-5
sc_a-5n5000wmin50000-15-c717577.ukp,chung,5000,50000,,,717577,15,-5
sc_a-5n5000wmin50000-16-c296131.ukp,chung,5000,50000,,,296131,16,-5
sc_a-5n5000wmin50000-17-c584281.ukp,chung,5000,50000,,,584281,17,-5
sc_a-5n5000wmin50000-18-c796792.ukp,chung,5000,50000,,,796792,18,-5
sc_a-5n5000wmin50000-19-c777668.ukp,chung,5000,50000,,,777668,19,-5
sc_a-5n5000wmin50000-2-c654686.ukp,chung,5000,50000,,,654686,2,-5
sc_a-5n5000wmin50000-3-c903289.ukp,chung,5000,50000,,,903289,3,-5
sc_a-5n5000wmin50000-4-c323235.ukp,chung,5000,50000,,,323235,4,-5
sc_a-5n5000wmin50000-5-c757629.ukp,chung,5000,50000,,,757629,5,-5
sc_a-5n5000wmin50000-6-c551666.ukp,chung,5000,50000,,,551666,6,-5
sc_a-5n5000wmin50000-7-c939978.ukp,chung,5000,50000,,,939978,7,-5
sc_a-5n5000wmin50000-8-c968053.ukp,chung,5000,50000,,,968053,8,-5
sc_a-5n5000wmin50000-9-c824959.ukp,chung,5000,50000,,,824959,9,-5
sc_a5n10000wmin10000-0-c6020768.ukp,chung,10000,10000,,,6020768,0,5
sc_a5n10000wmin10000-1-c8848039.ukp,chung,10000,10000,,,8848039,1,5
sc_a5n10000wmin10000-10-c8957104.ukp,chung,10000,10000,,,8957104,10,5
sc_a5n10000wmin10000-11-c9590518.ukp,chung,10000,10000,,,9590518,11,5
sc_a5n10000wmin10000-12-c4402690.ukp,chung,10000,10000,,,4402690,12,5
sc_a5n10000wmin10000-13-c6391754.ukp,chung,10000,10000,,,6391754,13,5
sc_a5n10000wmin10000-14-c6261108.ukp,chung,10000,10000,,,6261108,14,5
sc_a5n10000wmin10000-15-c4279595.ukp,chung,10000,10000,,,4279595,15,5
sc_a5n10000wmin10000-16-c2396292.ukp,chung,10000,10000,,,2396292,16,5
sc_a5n10000wmin10000-17-c6726204.ukp,chung,10000,10000,,,6726204,17,5
sc_a5n10000wmin10000-18-c7262586.ukp,chung,10000,10000,,,7262586,18,5
sc_a5n10000wmin10000-19-c2075673.ukp,chung,10000,10000,,,2075673,19,5
sc_a5n10000wmin10000-2-c7547243.ukp,chung,10000,10000,,,7547243,2,5
sc_a5n10000wmin10000-3-c2791665.ukp,chung,10000,10000,,,2791665,3,5
sc_a5n10000wmin10000-4-c8803923.ukp,chung,10000,10000,,,8803923,4,5
sc_a5n10000wmin10000-5-c8770844.ukp,chung,10000,10000,,,8770844,5,5
sc_a5n10000wmin10000-6-c4674497.ukp,chung,10000,10000,,,4674497,6,5
sc_a5n10000wmin10000-7-c7974928.ukp,chung,10000,10000,,,7974928,7,5
sc_a5n10000wmin10000-8-c8993557.ukp,chung,10000,10000,,,8993557,8,5
sc_a5n10000wmin10000-9-c7603842.ukp,chung,10000,10000,,,7603842,9,5
sc_a5n10000wmin110000-0-c4498489.ukp,chung,10000,110000,,,4498489,0,5
sc_a5n10000wmin110000-1-c9021988.ukp,chung,10000,110000,,,9021988,1,5
sc_a5n10000wmin110000-10-c2173413.ukp,chung,10000,110000,,,2173413,10,5
sc_a5n10000wmin110000-11-c5277276.ukp,chung,10000,110000,,,5277276,11,5
sc_a5n10000wmin110000-12-c5660160.ukp,chung,10000,110000,,,5660160,12,5
sc_a5n10000wmin110000-13-c8133666.ukp,chung,10000,110000,,,8133666,13,5
sc_a5n10000wmin110000-14-c7719869.ukp,chung,10000,110000,,,7719869,14,5
sc_a5n10000wmin110000-15-c4453626.ukp,chung,10000,110000,,,4453626,15,5
sc_a5n10000wmin110000-16-c8464065.ukp,chung,10000,110000,,,8464065,16,5
sc_a5n10000wmin110000-17-c9283705.ukp,chung,10000,110000,,,9283705,17,5
sc_a5n10000wmin110000-18-c8666935.ukp,chung,10000,110000,,,8666935,18,5
sc_a5n10000wmin110000-19-c3875453.ukp,chung,10000,110000,,,3875453,19,5
sc_a5n10000wmin110000-2-c9318995.ukp,chung,10000,110000,,,9318995,2,5
sc_a5n10000wmin110000-3-c7107047.ukp,chung,10000,110000,,,7107047,3,5
sc_a5n10000wmin110000-4-c3213842.ukp,chung,10000,110000,,,3213842,4,5
sc_a5n10000wmin110000-5-c7174337.ukp,chung,10000,110000,,,7174337,5,5
sc_a5n10000wmin110000-6-c3106384.ukp,chung,10000,110000,,,3106384,6,5
sc_a5n10000wmin110000-7-c7596518.ukp,chung,10000,110000,,,7596518,7,5
sc_a5n10000wmin110000-8-c5852210.ukp,chung,10000,110000,,,5852210,8,5
sc_a5n10000wmin110000-9-c6690757.ukp,chung,10000,110000,,,6690757,9,5
sc_a5n10000wmin50000-0-c8309846.ukp,chung,10000,50000,,,8309846,0,5
sc_a5n10000wmin50000-1-c5131237.ukp,chung,10000,50000,,,5131237,1,5
sc_a5n10000wmin50000-10-c5869004.ukp,chung,10000,50000,,,5869004,10,5
sc_a5n10000wmin50000-11-c7274445.ukp,chung,10000,50000,,,7274445,11,5
sc_a5n10000wmin50000-12-c2951438.ukp,chung,10000,50000,,,2951438,12,5
sc_a5n10000wmin50000-13-c2496273.ukp,chung,10000,50000,,,2496273,13,5
sc_a5n10000wmin50000-14-c7571788.ukp,chung,10000,50000,,,7571788,14,5
sc_a5n10000wmin50000-15-c3961431.ukp,chung,10000,50000,,,3961431,15,5
sc_a5n10000wmin50000-16-c9958129.ukp,chung,10000,50000,,,9958129,16,5
sc_a5n10000wmin50000-17-c8488935.ukp,chung,10000,50000,,,8488935,17,5
sc_a5n10000wmin50000-18-c9647665.ukp,chung,10000,50000,,,9647665,18,5
sc_a5n10000wmin50000-19-c8841826.ukp,chung,10000,50000,,,8841826,19,5
sc_a5n10000wmin50000-2-c6302428.ukp,chung,10000,50000,,,6302428,2,5
sc_a5n10000wmin50000-3-c2835653.ukp,chung,10000,50000,,,2835653,3,5
sc_a5n10000wmin50000-4-c2098619.ukp,chung,10000,50000,,,2098619,4,5
sc_a5n10000wmin50000-5-c7108973.ukp,chung,10000,50000,,,7108973,5,5
sc_a5n10000wmin50000-6-c7602756.ukp,chung,10000,50000,,,7602756,6,5
sc_a5n10000wmin50000-7-c9586441.ukp,chung,10000,50000,,,9586441,7,5
sc_a5n10000wmin50000-8-c6198992.ukp,chung,10000,50000,,,6198992,8,5
sc_a5n10000wmin50000-9-c8764695.ukp,chung,10000,50000,,,8764695,9,5
sc_a5n5000wmin10000-0-c591952.ukp,chung,5000,10000,,,591952,0,5
sc_a5n5000wmin10000-1-c233254.ukp,chung,5000,10000,,,233254,1,5
sc_a5n5000wmin10000-10-c722476.ukp,chung,5000,10000,,,722476,10,5
sc_a5n5000wmin10000-11-c505569.ukp,chung,5000,10000,,,505569,11,5
sc_a5n5000wmin10000-12-c882034.ukp,chung,5000,10000,,,882034,12,5
sc_a5n5000wmin10000-13-c252615.ukp,chung,5000,10000,,,252615,13,5
sc_a5n5000wmin10000-14-c249096.ukp,chung,5000,10000,,,249096,14,5
sc_a5n5000wmin10000-15-c355844.ukp,chung,5000,10000,,,355844,15,5
sc_a5n5000wmin10000-16-c649237.ukp,chung,5000,10000,,,649237,16,5
sc_a5n5000wmin10000-17-c884534.ukp,chung,5000,10000,,,884534,17,5
sc_a5n5000wmin10000-18-c768641.ukp,chung,5000,10000,,,768641,18,5
sc_a5n5000wmin10000-19-c364379.ukp,chung,5000,10000,,,364379,19,5
sc_a5n5000wmin10000-2-c415801.ukp,chung,5000,10000,,,415801,2,5
sc_a5n5000wmin10000-3-c591242.ukp,chung,5000,10000,,,591242,3,5
sc_a5n5000wmin10000-4-c836118.ukp,chung,5000,10000,,,836118,4,5
sc_a5n5000wmin10000-5-c734263.ukp,chung,5000,10000,,,734263,5,5
sc_a5n5000wmin10000-6-c236497.ukp,chung,5000,10000,,,236497,6,5
sc_a5n5000wmin10000-7-c766454.ukp,chung,5000,10000,,,766454,7,5
sc_a5n5000wmin10000-8-c961321.ukp,chung,5000,10000,,,961321,8,5
sc_a5n5000wmin10000-9-c732642.ukp,chung,5000,10000,,,732642,9,5
sc_a5n5000wmin15000-0-c262128.ukp,chung,5000,15000,,,262128,0,5
sc_a5n5000wmin15000-1-c445950.ukp,chung,5000,15000,,,445950,1,5
sc_a5n5000wmin15000-10-c306291.ukp,chung,5000,15000,,,306291,10,5
sc_a5n5000wmin15000-11-c700920.ukp,chung,5000,15000,,,700920,11,5
sc_a5n5000wmin15000-12-c853444.ukp,chung,5000,15000,,,853444,12,5
sc_a5n5000wmin15000-13-c414384.ukp,chung,5000,15000,,,414384,13,5
sc_a5n5000wmin15000-14-c668967.ukp,chung,5000,15000,,,668967,14,5
sc_a5n5000wmin15000-15-c319624.ukp,chung,5000,15000,,,319624,15,5
sc_a5n5000wmin15000-16-c446304.ukp,chung,5000,15000,,,446304,16,5
sc_a5n5000wmin15000-17-c520134.ukp,chung,5000,15000,,,520134,17,5
sc_a5n5000wmin15000-18-c729223.ukp,chung,5000,15000,,,729223,18,5
sc_a5n5000wmin15000-19-c371003.ukp,chung,5000,15000,,,371003,19,5
sc_a5n5000wmin15000-2-c489488.ukp,chung,5000,15000,,,489488,2,5
sc_a5n5000wmin15000-3-c1002205.ukp,chung,5000,15000,,,1002205,3,5
sc_a5n5000wmin15000-4-c851013.ukp,chung,5000,15000,,,851013,4,5
sc_a5n5000wmin15000-5-c666137.ukp,chung,5000,15000,,,666137,5,5
sc_a5n5000wmin15000-6-c844846.ukp,chung,5000,15000,,,844846,6,5
sc_a5n5000wmin15000-7-c294507.ukp,chung,5000,15000,,,294507,7,5
sc_a5n5000wmin15000-8-c442544.ukp,chung,5000,15000,,,442544,8,5
sc_a5n5000wmin15000-9-c535205.ukp,chung,5000,15000,,,535205,9,5
sc_a5n5000wmin50000-0-c415081.ukp,chung,5000,50000,,,415081,0,5
sc_a5n5000wmin50000-1-c372017.ukp,chung,5000,50000,,,372017,1,5
sc_a5n5000wmin50000-10-c635572.ukp,chung,5000,50000,,,635572,10,5
sc_a5n5000wmin50000-11-c690602.ukp,chung,5000,50000,,,690602,11,5
sc_a5n5000wmin50000-12-c743860.ukp,chung,5000,50000,,,743860,12,5
sc_a5n5000wmin50000-13-c820623.ukp,chung,5000,50000,,,820623,13,5
sc_a5n5000wmin50000-14-c758481.ukp,chung,5000,50000,,,758481,14,5
sc_a5n5000wmin50000-15-c266982.ukp,chung,5000,50000,,,266982,15,5
sc_a5n5000wmin50000-16-c522915.ukp,chung,5000,50000,,,522915,16,5
sc_a5n5000wmin50000-17-c768256.ukp,chung,5000,50000,,,768256,17,5
sc_a5n5000wmin50000-18-c892843.ukp,chung,5000,50000,,,892843,18,5
sc_a5n5000wmin50000-19-c824446.ukp,chung,5000,50000,,,824446,19,5
sc_a5n5000wmin50000-2-c507493.ukp,chung,5000,50000,,,507493,2,5
sc_a5n5000wmin50000-3-c293625.ukp,chung,5000,50000,,,293625,3,5
sc_a5n5000wmin50000-4-c761854.ukp,chung,5000,50000,,,761854,4,5
sc_a5n5000wmin50000-5-c786357.ukp,chung,5000,50000,,,786357,5,5
sc_a5n5000wmin50000-6-c825836.ukp,chung,5000,50000,,,825836,6,5
sc_a5n5000wmin50000-7-c937137.ukp,chung,5000,50000,,,937137,7,5
sc_a5n5000wmin50000-8-c304388.ukp,chung,5000,50000,,,304388,8,5
sc_a5n5000wmin50000-9-c638190.ukp,chung,5000,50000,,,638190,9,5
